Incident_ID,Service,Category,Logs,Root_Cause,Resolution
1,order-service,Database Connection Pool,"2026-06-13T09:00:01.100Z WARN order-service connection_pool active=48 max=50 msg=""Connection pool nearing capacity""
2026-06-13T09:00:02.200Z ERROR order-service HikariPool-1 - Connection is not available, request timed out after 30000ms
2026-06-13T09:00:03.300Z ERROR order-service SQLException: Unable to acquire JDBC Connection
2026-06-13T09:00:04.400Z ERROR api-gateway request_id=req-8843 upstream=order-service status=503 msg=""Upstream service unavailable""","High database query latency causing connection pool exhaustion. Slow queries holding connections open, preventing new requests from acquiring connections.",1. Identify slow queries using database logs and EXPLAIN ANALYZE. 2. Add missing indexes on frequently filtered columns. 3. Optimize JOIN operations and reduce result set size. 4. Increase connection pool size as temporary measure. 5. Implement connection timeout and query timeout policies. 6. Monitor query performance with APM tools.
2,payment-api,Kubernetes Pod Crash,"2026-06-13T08:12:01.123Z ERROR kubelet pod=payment-api-7d4f8b9c6-xk2m9 msg=""Container payment-api failed liveness probe""
2026-06-13T08:12:02.456Z WARN kube-scheduler pod=payment-api-7d4f8b9c6-xk2m9 msg=""Back-off restarting failed container""
2026-06-13T08:12:05.789Z ERROR kubelet msg=""CrashLoopBackOff: container payment-api is crash looping""
2026-06-13T08:12:08.012Z ERROR payment-api OOMKilled: container exceeded memory limit of 512Mi
2026-06-13T08:12:10.334Z FATAL payment-api java.lang.OutOfMemoryError: Java heap space","Memory leak in the payment-api application, likely in request processing or caching layer. JVM heap exhaustion causing repeated OOMKilled restarts.","1. Increase memory limit to 1Gi temporarily. 2. Analyze heap dumps using jhat or Eclipse MAT. 3. Check for circular references and retained objects. 4. Review recent code changes that interact with object creation. 5. Implement monitoring with jvm.memory metrics. 6. Set up proper JVM garbage collection tuning. 7. Schedule code review for memory management improvements.
3,inventory-svc,Image Pull Failure,"2026-06-13T08:12:15.667Z ERROR kubelet pod=inventory-svc-abc123 msg=""Failed to pull image registry.example.com/inventory:v2.3.1: manifest unknown""
2026-06-13T08:12:16.890Z ERROR kubelet msg=""ErrImagePull: manifest for image not found""
2026-06-13T08:12:20.113Z WARN kubelet msg=""ImagePullBackOff: Back-off pulling image""
2026-06-13T08:12:25.336Z INFO kube-scheduler msg=""Pod pending due to image pull error""","Docker image v2.3.1 not pushed to registry or incorrect registry credentials. Tag mismatch between deployment spec and actual pushed image.","1. Verify image exists in registry: docker pull registry.example.com/inventory:v2.3.1. 2. Check registry credentials in ImagePullSecrets. 3. Confirm image was successfully built and pushed in CI/CD pipeline. 4. Verify registry URL is correct in deployment manifest. 5. Check image tag naming conventions match registry push. 6. Review recent CI/CD changes that might have skipped push step.
4,app-server,Cache Miss Spike,"2026-06-13T10:00:03.300Z WARN app-server cache miss rate=12% threshold=10% msg=""Cache miss rate above target""
2026-06-13T10:00:04.400Z INFO app-server processed 1542 requests in last minute
2026-06-13T10:00:07.700Z INFO metrics-agent scraped latency=450ms for cache operations
2026-06-13T10:00:09.900Z WARN app-server cache eviction_rate=450req/min threshold=200req/min","Cache backend (Redis/Memcached) may be down, responding slowly, or cache key eviction rate too high. High request volume combined with short TTLs.","1. Check Redis/Memcached availability with redis-cli PING. 2. Monitor cache backend metrics: evictions, connected_clients, used_memory. 3. Increase cache size if it's running out of memory. 4. Review TTL settings for overly aggressive eviction. 5. Implement cache warming strategies for frequently accessed data. 6. Use multi-tier caching (local + distributed). 7. Analyze cache hit patterns to optimize key structure.
5,api-gateway,High Latency,"2026-06-13T11:00:01.100Z INFO api-gateway request_id=req-9001 method=POST path=/orders status=200 latency_ms=2400
2026-06-13T11:00:02.200Z INFO api-gateway request_id=req-9002 method=GET path=/products status=200 latency_ms=1800
2026-06-13T11:00:03.300Z WARN api-gateway percentile_p99=2100ms threshold=500ms
2026-06-13T11:00:04.400Z WARN api-gateway percentile_p95=1900ms threshold=500ms
2026-06-13T11:00:05.500Z ERROR api-gateway connection_timeout to upstream service inventory-svc","Downstream services (order-service, inventory-svc) experiencing high latency or timeout. Resource contention or network saturation on API gateway.","1. Check health and performance of downstream services. 2. Monitor API gateway CPU and memory usage. 3. Increase thread pool size for async processing. 4. Implement circuit breaker pattern with timeout settings. 5. Add load balancing across multiple instances. 6. Profile slow endpoints to identify bottlenecks. 7. Check network bandwidth and packet loss between services.
6,postgres-primary,Connection Limit,"2026-06-13T09:10:00.100Z ERROR postgres primary msg=""FATAL: too many connections for role order_app""
2026-06-13T09:10:01.200Z ERROR pgbouncer pool=order_pool msg=""Client queue length exceeded threshold: 100""
2026-06-13T09:10:02.300Z ERROR postgres msg=""remaining connection slots are reserved for non-replication superuser connections""
2026-06-13T09:10:03.400Z WARN postgres msg=""max_connections=100 reached, rejecting new connections""","Database max_connections limit reached. Connection pooling misconfiguration or inefficient connection release from application. Idle connections not being recycled.","1. Increase max_connections parameter in postgresql.conf (safely to ~200-500). 2. Restart PostgreSQL after config change. 3. Implement proper connection pooling with pgbouncer/PgBouncer. 4. Review application for connection leak detection. 5. Set appropriate idle_in_transaction_session_timeout. 6. Monitor idle and active connections with pg_stat_activity. 7. Tune connection pool size to match expected workload.
7,user-service,Authentication Failure,"2026-06-13T12:15:00.100Z ERROR user-service request_id=req-9100 msg=""Invalid JWT signature""
2026-06-13T12:15:01.200Z ERROR user-service request_id=req-9101 msg=""JWT token expired""
2026-06-13T12:15:02.300Z WARN user-service auth_failures_total=145 in_last_minute
2026-06-13T12:15:03.400Z ERROR api-gateway status=401 msg=""Authentication failed for 78% of requests""","JWT signing key rotated but not updated in all services. Token expiration time too short or clock skew between services.","1. Verify JWT signing key is consistent across all services. 2. Check service clock synchronization using NTP. 3. Review JWT token expiration time and refresh logic. 4. Implement key rotation strategy with versioning. 5. Add JWT_KEY rotation endpoint with graceful deployment. 6. Monitor failed authentication attempts and alert on threshold. 7. Check for client-side clock issues if errors are widespread.
8,worker-3,Node NotReady,"2026-06-13T08:35:00.100Z ERROR kubelet node=worker-3 msg=""NodeNotReady: PLEG is not healthy""
2026-06-13T08:35:01.200Z ERROR kubelet msg=""Failed to parse kubelet's cgroup stats""
2026-06-13T08:35:02.300Z WARN node-controller msg=""Node worker-3 not reporting status""
2026-06-13T08:35:03.400Z ERROR scheduler msg=""Node worker-3 unschedulable - resource pressure""
2026-06-13T08:35:04.500Z INFO pod-eviction-controller evicting 5 pods from worker-3","PLEG (Pod Lifecycle Event Generator) failure on kubelet. Often caused by high memory pressure, excessive container lifecycle events, or kernel issues.","1. SSH to worker-3 and check kubelet logs: journalctl -u kubelet -n 100. 2. Check system memory: free -m and verify no memory pressure. 3. Check available disk space: df -h on /var and /var/lib/docker. 4. Restart kubelet: systemctl restart kubelet. 5. Drain node gracefully: kubectl drain worker-3 --ignore-daemonsets. 6. Check kernel logs: dmesg | tail -50. 7. If issue persists, replace node or investigate kernel upgrade needed.
9,checkout-service,Circuit Breaker Open,"2026-06-13T09:25:00.100Z ERROR checkout-service request_id=req-9200 msg=""Circuit breaker OPEN for postgres-primary after 15 consecutive failures""
2026-06-13T09:25:01.200Z ERROR checkout-service msg=""Request rejected: circuit breaker is OPEN""
2026-06-13T09:25:02.300Z INFO checkout-service circuit_breaker_state=OPEN last_failure_timestamp=2026-06-13T09:24:55Z
2026-06-13T09:25:03.400Z WARN checkout-service transaction_rollback: could not connect to database""","Circuit breaker triggered by repeated database connection failures. Database backend (postgres-primary) is down or unresponsive. Cascading failure from db connection exhaustion.","1. Check postgres-primary status: pg_isready. 2. Verify database is accepting connections. 3. Check disk space on database server. 4. Review database logs for errors. 5. Trigger failover to replica if primary is unavailable. 6. Adjust circuit breaker thresholds: openThreshold=20 (not 15). 7. Increase retry backoff delay. 8. Implement fallback strategy or graceful degradation.
10,nginx,SSL Certificate Expiry,"2026-06-13T14:00:00.100Z ERROR nginx ssl_error=cert_expired certificate_expiry=2026-06-12T23:59:59Z
2026-06-13T14:00:01.200Z ERROR nginx msg=""SSL: certificate verify failed""
2026-06-13T14:00:02.300Z WARN nginx warning=cert_expires_in=1day_and_7hours
2026-06-13T14:00:03.400Z ERROR api-client msg=""x509: certificate has expired""","SSL certificate for api.example.com expired. Certificate renewal failed or wasn't deployed before expiration.","1. Check current certificate expiration: openssl x509 -enddate -noout -in cert.pem. 2. Request new certificate from CA immediately. 3. Update nginx with new certificate. 4. Reload nginx: nginx -s reload. 5. Test with: curl -I https://api.example.com. 6. Implement cert monitoring with 30-day warning. 7. Automate cert renewal using Let's Encrypt + certbot. 8. Set up alert for cert expiration dates in Prometheus.
11,billing-svc,Rate Limit Exceeded,"2026-06-13T15:30:00.100Z ERROR billing-svc rate_limit_exceeded=true requests_limit=1000 requests_actual=1200
2026-06-13T15:30:01.200Z WARN billing-svc msg=""Rate limit: 200 req/s threshold exceeded""
2026-06-13T15:30:02.300Z ERROR api-gateway request_id=req-9300 status=429 msg=""Too Many Requests""
2026-06-13T15:30:03.400Z INFO client-app retry_after=60 seconds","Unexpected traffic spike or misconfigured rate limiter. Client application not respecting rate limit headers or sending burst requests.","1. Check request spike pattern - is it legitimate traffic? 2. Review rate limiter configuration: limits per second/minute/hour. 3. Implement sliding window instead of fixed window rate limiting. 4. Check for misbehaving client IP addresses. 5. Implement backoff strategy on client side. 6. Add request batching to reduce request frequency. 7. Increase rate limits if traffic is legitimate. 8. Monitor with rate_limit_rejections_total metric.
12,search-svc,Elasticsearch Cluster Unhealthy,"2026-06-13T16:00:00.100Z ERROR elasticsearch cluster_status=RED shard_allocation_failed=45
2026-06-13T16:00:01.200Z ERROR elasticsearch msg=""Primary shard missing for index=products""
2026-06-13T16:00:02.300Z WARN elasticsearch heap_usage=92% threshold=85%
2026-06-13T16:00:03.400Z ERROR search-svc query_timeout=30000ms","Elasticsearch cluster has unallocated shards due to node failures or disk space issues. High heap usage causing GC pauses.","1. Check cluster health: GET /_cluster/health. 2. List unallocated shards: GET /_cat/shards?h=index,shard,prirep,state,unassigned.reason. 3. Check available disk space on all nodes. 4. Verify all nodes are in cluster: GET /_cat/nodes. 5. If nodes are missing, restart them. 6. Force shard allocation if nodes are permanently lost: POST /_cluster/reroute?allow_primary=true. 7. Increase heap size to 50% of available memory. 8. Implement index lifecycle management (ILM) to delete old indices.
13,cache-layer,Redis Memory Pressure,"2026-06-13T17:15:00.100Z ERROR redis msg=""OOM command not allowed when used memory > maxmemory""
2026-06-13T17:15:01.200Z WARN redis info memory used_memory=4294967296 maxmemory=4294967296
2026-06-13T17:15:02.300Z ERROR app-server cache write failed: OOM
2026-06-13T17:15:03.400Z WARN redis evicted_keys=150000 in_last_hour","Redis reached memory limit (maxmemory). Eviction policy overwhelmed or data set too large for available memory.","1. Check Redis memory usage: INFO memory. 2. Review eviction policy: CONFIG GET maxmemory-policy. 3. Identify large keys: MEMORY DOCTOR. 4. Increase Redis maxmemory limit if hardware allows. 5. Consider changing eviction policy from allkeys-lru to volatile-lru. 6. Implement data compression or serialization. 7. Shard data across multiple Redis instances. 8. Consider time-series specific solutions for TTL-based data.
14,delivery-svc,CPU Throttling,"2026-06-13T18:00:00.100Z WARN kubernetes pod=delivery-svc-001 cpu_throttle_rate=85% cpu_limit=500m
2026-06-13T18:00:01.200Z ERROR delivery-svc msg=""Request processing slow due to CPU throttling""
2026-06-13T18:00:02.300Z INFO metrics cpu_usage=550m requested=500m
2026-06-13T18:00:03.400Z WARN delivery-svc processing_time_p99=5000ms expected=500ms","Container CPU limit (500m) set too low. Actual workload requires more CPU. CFS throttling kicking in.","1. Check CPU request and limit: kubectl describe pod delivery-svc-001. 2. Monitor actual CPU usage: kubectl top pod delivery-svc-001. 3. Increase CPU limit to 1000m in deployment. 4. Adjust resource requests: requests.cpu=750m. 5. Use Horizontal Pod Autoscaler for CPU-based scaling. 6. Profile application to find CPU-intensive code paths. 7. Optimize hot loops and algorithmic inefficiencies. 8. Monitor with container_cpu_cfs_throttled_seconds metric.
15,notification-svc,Queue Backlog,"2026-06-13T19:30:00.100Z ERROR notification-svc msg=""Message queue backlog growing""
2026-06-13T19:30:01.200Z WARN rabbitmq queue_depth=50000 msgs_ready=50000
2026-06-13T19:30:02.300Z ERROR notification-svc consumer_lag=120000 messages
2026-06-13T19:30:03.400Z WARN notification-svc msg=""Processing time increased to 500ms per message""","Message consumer processing too slow. Queue producer is sending faster than consumer can process. Insufficient worker instances.","1. Check queue depth: rabbitmqctl list_queues. 2. Monitor consumer lag metric. 3. Increase number of consumer instances for parallel processing. 4. Optimize message processing logic - profile for bottlenecks. 5. Increase prefetch count for batching messages. 6. Consider dead-letter queue for poison messages. 7. Scale horizontally by adding more pods/workers. 8. Implement priority queues for critical messages.
16,config-service,ConfigMap Stale,"2026-06-13T20:00:00.100Z WARN app-server msg=""Config value FEATURE_X=false but expected=true""
2026-06-13T20:00:01.200Z ERROR feature-service config_version=v1.2.3 expected_version=v1.3.0
2026-06-13T20:00:02.300Z INFO config-service mounted_cm_sha256=abc123 actual_sha256=def456","ConfigMap updated in Kubernetes but pods not reloaded. Mounted config volume not reflecting latest changes automatically.","1. Check ConfigMap: kubectl get configmap app-config -o yaml. 2. Verify pod mount: kubectl exec pod-name -- cat /etc/config/app.yaml. 3. Compare ConfigMap version with pod's mounted version. 4. Restart pods to pick up new config: kubectl rollout restart deployment/app-server. 5. Implement config reload sidecar (Reloader) for auto-reload. 6. Use CRDs (Operator pattern) for dynamic config updates. 7. Add init container that validates config on startup. 8. Version ConfigMaps and document deployment process.
17,batch-job,Job Timeout,"2026-06-13T21:00:00.100Z ERROR batch-job job_id=batch-001 duration=3600s timeout=1800s
2026-06-13T21:00:01.200Z ERROR kubernetes job=data-processor status=Failed reason=DeadlineExceeded
2026-06-13T21:00:02.300Z WARN batch-job msg=""Job did not complete within 30 minutes""","Batch job takes longer than expected due to large data volume, resource contention, or algorithm inefficiency.","1. Check job logs: kubectl logs job/data-processor. 2. Estimate job duration based on data size. 3. Increase activeDeadlineSeconds in job spec. 4. Optimize job logic: parallelize work, use better algorithms. 5. Increase resource requests (memory/CPU) for batch pods. 6. Split large jobs into multiple smaller jobs. 7. Implement progress tracking and resumable checkpoints. 8. Use Kubernetes Job parallelism setting for parallel workers.
18,monitoring,Prometheus Disk Full,"2026-06-13T21:30:00.100Z ERROR prometheus msg=""TSDB compaction failed: disk full""
2026-06-13T21:30:01.200Z ERROR prometheus metric_ingestion_dropped=true reason=disk_full
2026-06-13T21:30:02.300Z WARN prometheus disk_usage=/prometheus at 98% capacity
2026-06-13T21:30:03.400Z ERROR alertmanager alert_delivery_failed reason=backend_unavailable","Prometheus metrics storage volume is full. Retention period too long or disk allocation too small for metrics volume.","1. Check disk usage: df -h /prometheus. 2. Identify size of TSDB: du -sh /prometheus/. 3. Increase retention period or delete old data: prometheus --storage.tsdb.retention.time=15d. 4. Expand PVC: kubectl patch pvc prometheus-storage -p '{...size: 100Gi...}'. 5. Implement WAL deletion for old data. 6. Adjust scrape intervals to reduce cardinality. 7. Monitor with prometheus_tsdb_symbol_table_size_bytes. 8. Set up alerts for disk usage > 80%.
19,logs,ELK Stack OOM,"2026-06-13T22:00:00.100Z ERROR elasticsearch msg=""OutOfMemoryError: Java heap space""
2026-06-13T22:00:01.200Z ERROR elasticsearch node_status=DOWN reason=OOM
2026-06-13T22:00:02.300Z ERROR kibana msg=""Unable to connect to Elasticsearch""
2026-06-13T22:00:03.400Z WARN logstash filter_lag=60s pipeline_lag_rate=5%","Elasticsearch heap memory exhausted due to large field values or too many shards. Logstash sending logs faster than ES can index.","1. Check ES heap usage: GET /_nodes/stats/jvm. 2. Increase heap size: -Xmx4g in elasticsearch-env.sh. 3. Restart Elasticsearch. 4. Reduce index shards: change from 5 to 2 per index. 5. Implement index lifecycle management (ILM) to rollover indices. 6. Tune refresh interval: 30s instead of 1s for less critical data. 7. Reduce field mapping cardinality. 8. Monitor jvm.memory_usage_percent and alert at 75%.
20,etcd,Leader Election Failed,"2026-06-13T22:30:00.100Z ERROR etcd etcd_server_has_leader=false
2026-06-13T22:30:01.200Z ERROR etcd msg=""election timeout exceeded, new election round""
2026-06-13T22:30:02.300Z WARN etcd heartbeat_interval=100ms current_interval=500ms
2026-06-13T22:30:03.400Z ERROR kubernetes apiserver msg=""unable to connect to etcd cluster""","etcd cluster split-brain condition or network partition between members. Leader election unable to complete due to latency or missing quorum.","1. Check etcd member status: etcdctl member list. 2. Check cluster health: etcdctl endpoint health. 3. Verify network connectivity between etcd members (port 2379). 4. Check system load and latency on etcd nodes. 5. If split-brain detected, remove unhealthy members: etcdctl member remove <id>. 6. Increase election timeout: initial-election-tick-advance=false. 7. Reduce heartbeat interval if network is fast. 8. Monitor etcd_server_leader_changes_seen_total metric.
21,frontend,Build Artifact Missing,"2026-06-13T23:00:00.100Z ERROR ci-pipeline stage=build status=FAILED artifact_type=docker_image
2026-06-13T23:00:01.200Z ERROR docker build context_path=/app error=no such file or directory
2026-06-13T23:00:02.300Z ERROR deployment-webhook msg=""Image not found in registry during deployment""","CI/CD build pipeline failed or didn't produce expected artifact. Docker build failed due to missing files or dependency issues.","1. Check CI/CD pipeline logs for build errors. 2. Verify source code was checked out correctly. 3. Review Dockerfile for missing COPY/ADD instructions. 4. Check for dependency resolution failures in build stage. 5. Ensure build cache is clean if needed: docker build --no-cache. 6. Verify registry credentials in CI/CD configuration. 7. Test Docker build locally: docker build -t app:test .. 8. Add artifact validation in CI pipeline.
22,load-balancer,Health Check Failing,"2026-06-14T00:00:00.100Z ERROR alb health_check_failed=true unhealthy_targets=3
2026-06-14T00:00:01.200Z WARN alb target_status=unhealthy reason=timeout
2026-06-14T00:00:02.300Z INFO alb backend_response_time=5000ms health_check_timeout=2000ms
2026-06-14T00:00:03.400Z ERROR api-gateway msg=""All targets unhealthy, returning 502""","Application responding slowly (>2s) to health check endpoint. Actual handler slower than health check endpoint timeout. Database connectivity issues from health check.","1. Review health check configuration: timeout, interval, healthy_threshold. 2. Check application logs for health check endpoint errors. 3. Measure actual response time: curl -w '@curl-format.txt' http://localhost:8080/health. 4. Verify dependent services (DB, cache) are healthy from app's perspective. 5. Increase health check timeout to match app response time + buffer. 6. Optimize health check endpoint - move heavy operations to separate endpoint. 7. Implement lighter health check than full dependency check. 8. Monitor with alb_target_response_time metric.
23,secrets,Certificate Rotation Failed,"2026-06-14T00:30:00.100Z ERROR cert-manager msg=""Certificate renewal failed: ACME challenge error""
2026-06-14T00:30:01.200Z ERROR cert-manager dns_validation_failed=true error=timeout
2026-06-14T00:30:02.300Z WARN nginx certificate_expiry=5days
2026-06-14T00:30:03.400Z WARN cert-manager backup_certificate_not_ready=true","Let's Encrypt certificate renewal failed during ACME challenge. DNS propagation timeout or DNS provider misconfiguration.","1. Check cert-manager logs: kubectl logs deployment/cert-manager -n cert-manager. 2. Describe certificate: kubectl describe certificate. 3. Check DNS provider configuration in ClusterIssuer. 4. Verify DNS records are propagating: nslookup _acme-challenge.example.com. 5. Check cert-manager webhook is working: kubectl get validatingwebhookconfigurations. 6. Increase ACME challenge timeout. 7. Switch to HTTP-01 challenge if DNS provider unreliable. 8. Set up automated renewal with 30-day warning.
24,database-replica,Replication Lag,"2026-06-14T01:00:00.100Z ERROR postgres replica_lag_bytes=1073741824
2026-06-14T01:00:01.200Z WARN postgres msg=""Standby bytes behind primary: 1GB""
2026-06-14T01:00:02.300Z INFO postgres wal_write_rate=100mb/s replay_rate=50mb/s
2026-06-14T01:00:03.400Z ERROR replica query_timeout_standby=true reason=lock_wait","Replica cannot keep up with primary WAL generation. High write volume on primary exceeds replica's ability to replay WAL. Lock conflicts during replay.","1. Check replication status: SELECT * FROM pg_stat_replication. 2. Monitor WAL write rate vs replay rate. 3. Upgrade replica hardware if CPU-bound. 4. Increase max_wal_senders on primary. 5. Tune wal_level, wal_keep_segments parameters. 6. Check for long-running queries blocking replay. 7. Consider warm standby with hot_standby=on. 8. Implement monitoring: max_slot_wal_keep_size alert.
25,message-broker,Consumer Group Rebalance Lag,"2026-06-14T01:30:00.100Z WARN kafka consumer_group=order-processor rebalance_time=120s threshold=30s
2026-06-14T01:30:01.200Z ERROR kafka msg=""Rebalance timeout: consumers failed to rejoin group""
2026-06-14T01:30:02.300Z WARN kafka session_timeout_exceeded=true
2026-06-14T01:30:03.400Z ERROR application msg=""No heartbeat received for 60s""","Consumer heartbeat mechanism failing. Slow consumer processing causing rebalance timeout. Network/GC pause causing heartbeat miss.","1. Check Kafka broker logs for rebalance errors. 2. Monitor consumer lag: kafka-consumer-groups --bootstrap-server localhost:9092 --group order-processor --describe. 3. Increase session.timeout.ms if consumers are slow. 4. Increase heartbeat.interval.ms to catch timeout early. 5. Check network latency between consumer and broker. 6. Monitor garbage collection pauses in consumer JVM. 7. Implement graceful shutdown handler. 8. Consider using static membership for stable assignments.
26,storage,NFS Mount Stale,"2026-06-14T02:00:00.100Z ERROR pod-name msg=""stale NFS file handle""
2026-06-14T02:00:01.200Z ERROR application failed to write logs: Stale NFS handle
2026-06-14T02:00:02.300Z WARN nfs server not responding on 10.0.1.100:2049
2026-06-14T02:00:03.400Z INFO pod-name remounting NFS with fresh mount options","NFS server became unavailable or unresponsive. Mount became stale due to server restart or network partition. Hard mount with no retry logic.","1. Check NFS server availability: showmount -e 10.0.1.100. 2. Verify NFS service is running: systemctl status nfs. 3. Check network connectivity to NFS server: ping 10.0.1.100. 4. Check NFS server disk space and inode usage. 5. Unmount and remount NFS: umount <mount_point> && mount <nfs_server>. 6. Use soft mount with retry count instead of hard mount. 7. Implement timeout and retry in application. 8. Monitor nfs operations latency.
27,security-scanning,Vulnerability Detection,"2026-06-14T02:30:00.100Z ERROR trivy scan_result=FAILED severity=CRITICAL vuln_count=15
2026-06-14T02:30:01.200Z ERROR docker_image image=api:v1.2.3 has_critical_vulns=true
2026-06-14T02:30:02.300Z WARN base_image debian:10 end_of_support=2024-06-30
2026-06-14T02:30:03.400Z ERROR policy_engine deployment_blocked=true policy=no_critical_vulns","Container image contains known vulnerabilities. Base image is outdated with known security issues.","1. Scan image with trivy: trivy image api:v1.2.3. 2. Review vulnerability details: CVE numbers and fix versions. 3. Update base image to latest stable version. 4. Upgrade vulnerable dependencies in application. 5. Rebuild image: docker build --no-cache -t api:v1.2.4 .. 6. Re-scan to confirm vulnerabilities fixed. 7. Implement automated scanning in CI/CD pipeline. 8. Set policy to block deployment of images with critical vulns.
28,network,Ingress Certificate Missing,"2026-06-14T03:00:00.100Z ERROR nginx-ingress msg=""TLS secret not found: tls-secret""
2026-06-14T03:00:01.200Z ERROR ingress controller msg=""Failed to update ingress resource with certificate""
2026-06-14T03:00:02.300Z WARN ingress-controller tls_secret=missing_secret not_found=true
2026-06-14T03:00:03.400Z ERROR client_browser tls_error=certificate_required","TLS secret referenced in Ingress resource does not exist. Cert-manager failed to generate certificate. Missing certificate Secret in cluster.","1. List ingress resources: kubectl get ingress. 2. Check ingress TLS configuration: kubectl describe ingress. 3. Verify secret exists: kubectl get secret tls-secret. 4. If missing, create secret: kubectl create secret tls tls-secret --cert=cert.pem --key=key.pem. 5. Check cert-manager Certificate resource: kubectl get certificate. 6. Review cert-manager logs: kubectl logs -n cert-manager deployment/cert-manager. 7. Verify ClusterIssuer is ready: kubectl get clusterissuer. 8. Re-apply ingress to trigger cert generation.
29,compliance,Audit Log Missing,"2026-06-14T03:30:00.100Z ERROR audit-logger msg=""Unable to write audit log: permission denied""
2026-06-14T03:30:01.200Z WARN kubernetes apiserver audit_events_dropped=true
2026-06-14T03:30:02.300Z WARN audit_webhook destination_unavailable=true
2026-06-14T03:30:03.400Z WARN compliance_check msg=""Audit trail incomplete for past 2 hours""","Audit logging system unable to persist logs. Audit webhook unreachable or audit policy misconfigured. Insufficient disk space for audit logs.","1. Check audit policy configuration: kubectl get audit-policy. 2. Verify audit webhook is running. 3. Check disk space on audit log volume: df -h. 4. Review API server logs for audit-related errors. 5. Test webhook connectivity: curl audit-webhook-service:6000. 6. Increase audit log rotation: retention=30days. 7. Implement centralized audit logging (ELK, CloudTrail). 8. Monitor audit_event_total metric.
30,resource-quota,Quota Exceeded,"2026-06-14T04:00:00.100Z ERROR kubernetes pod=new-pod-001 reason=Forbidden message=""exceeded quota: requests.cpu""
2026-06-14T04:00:01.200Z WARN namespace-controller msg=""Namespace default at resource limits""
2026-06-14T04:00:02.300Z INFO quota status pods=10/10 cpu=4/4 memory=8Gi/8Gi
2026-06-14T04:00:03.400Z ERROR deployment status=FailedCreatePodSet reason=InsufficientQuota","Kubernetes namespace resource quota exceeded. Pod/CPU/memory requests exceed allocated quota. Quota too restrictive for workload.","1. Check resource quota: kubectl describe resourcequota -n default. 2. List pod resource usage: kubectl top pods -n default. 3. Identify high-resource consumers and optimize. 4. Increase quota if appropriate: kubectl patch resourcequota namespace-quota -p '{...limits.requests.cpu: 8...}'. 5. Review resource requests in deployment: kubectl describe deployment. 6. Implement resource limits to match quota. 7. Use Vertical Pod Autoscaler to optimize requests. 8. Monitor quota utilization metrics.
31,version-skew,API Version Mismatch,"2026-06-14T04:30:00.100Z ERROR api-server msg=""Unknown API version v1alpha2 for Kind Ingress""
2026-06-14T04:30:01.200Z ERROR kubectl apply msg=""error validating: no matches for kind Ingress in version networking.k8s.io/v1alpha2""
2026-06-14T04:30:02.300Z WARN cluster kubernetes_version=1.20 manifest_min_version=1.22
2026-06-14T04:30:03.400Z ERROR gitops msg=""Manifest application failed due to API version mismatch""","Kubernetes manifest uses API version not supported in cluster. Cluster version too old or API deprecated in newer version. Version skew between control plane and manifest.","1. Check cluster version: kubectl version. 2. Verify API resources available: kubectl api-resources. 3. Update manifest to use supported API version: networking.k8s.io/v1. 4. Review deprecated API migrations: kubectl-convert. 5. Update cluster version if needed. 6. Check compatibility matrix before upgrades. 7. Test manifests in dev cluster first. 8. Implement API version validation in CI/CD pipeline.
32,persistence,PVC Unmountable,"2026-06-14T05:00:00.100Z ERROR kubelet pod=data-processor-001 msg=""Failed to mount volume: AttachError""
2026-06-14T05:00:01.200Z ERROR pvc-controller pvc=data-pvc status=Pending reason=UnboundPVC
2026-06-14T05:00:02.300Z WARN storage-provisioner msg=""No storage class found matching selector""
2026-06-14T05:00:03.400Z ERROR pod mounting msg=""volume mode conflict: Pod requires block, PVC is filesystem""","PVC not bound to PV. Storage class missing or pod storage requirements don't match available storage. Network storage unavailable.","1. Check PVC status: kubectl describe pvc data-pvc. 2. Verify storage class exists: kubectl get storageclass. 3. Check PV availability: kubectl get pv. 4. Verify volume mode matches (Filesystem vs Block). 5. Check for capacity mismatches between PVC request and PV. 6. Troubleshoot storage provisioner: kubectl logs -n default <provisioner-pod>. 7. For cloud storage, verify IAM permissions. 8. Check storage backend (EBS, NFS, etc.) availability.
33,dns,CoreDNS Pod Crash,"2026-06-14T05:30:00.100Z ERROR kubelet pod=coredns-558bd4d5db-abc12 msg=""Container coredns failed liveness probe""
2026-06-14T05:30:01.200Z ERROR coredns panic: runtime error: index out of range
2026-06-14T05:30:02.300Z WARN kubelet backoff restarting coredns: 5s, 10s, 20s
2026-06-14T05:30:03.400Z ERROR cluster internal_dns=unavailable app_error=cannot resolve service.cluster.local","CoreDNS crashing due to plugin configuration error or panic. DNS not available for cluster service discovery.","1. Check coredns pod status: kubectl get pods -n kube-system. 2. Review coredns logs: kubectl logs -n kube-system deployment/coredns. 3. Check CoreDNS configmap: kubectl describe configmap coredns -n kube-system. 4. Verify Corefile syntax. 5. Rebuild coredns with safe plugin subset. 6. Test DNS locally: kubectl run -it --image=busybox:1.28 test -- nslookup kubernetes. 7. Restart coredns if config changed. 8. Check coredns resource requests are adequate.
34,disaster-recovery,Backup Failed,"2026-06-14T06:00:00.100Z ERROR backup-controller msg=""Backup job failed after 4 retries""
2026-06-14T06:00:01.200Z ERROR velero backup=prod-backup status=PartiallyFailed
2026-06-14T06:00:02.300Z WARN backup msg=""Some PVCs failed to snapshot""
2026-06-14T06:00:03.400Z WARN storage-snapshot-controller snapshot_failed=true reason=timeout","Backup failed to complete. PVC snapshot timed out or storage backend returned error. S3 bucket unreachable or credentials invalid.","1. Check backup job status: kubectl describe backup prod-backup -n velero. 2. Review backup logs: kubectl logs -n velero deployment/velero. 3. Verify snapshot provider status and logs. 4. Test storage backend connectivity. 5. Check S3/GCS/Azure credentials in backup config. 6. Verify PV/PVC are accessible and not in use. 7. Increase timeout for large volumes. 8. Implement incremental backups to reduce time. 9. Monitor backup_last_successful_timestamp metric.
35,istio,Mesh Configuration Error,"2026-06-14T06:30:00.100Z ERROR istiod msg=""Failed to generate config for VirtualService: invalid host""
2026-06-14T06:30:01.200Z ERROR istio validation msg=""VirtualService spec.hosts contains invalid regex""
2026-06-14T06:30:02.300Z WARN proxy-injector sidecar_injection=skipped reason=annotation_missing
2026-06-14T06:30:03.400Z ERROR traffic-management msg=""No route found for destination host.example.com""","Istio VirtualService/DestinationRule configuration invalid. Host selector doesn't match any services. Sidecar injection not enabled.","1. List VirtualServices: kubectl get virtualservices. 2. Describe problematic VirtualService: kubectl describe vs. 3. Validate configuration: istioctl analyze. 4. Check DestinationRule exists and matches VirtualService host. 5. Verify sidecar injection: kubectl get namespace default -o yaml | grep sidecar-injection. 6. Enable injection: kubectl label namespace default istio-injection=enabled. 7. Restart pods to inject sidecars. 8. Test traffic routing with kube-curl.
36,argocd,Application Out of Sync,"2026-06-14T07:00:00.100Z ERROR argocd-application-controller msg=""Application status OutOfSync""
2026-06-14T07:00:01.200Z WARN argocd msg=""Git revision: abc123 does not match deployed revision: def456""
2026-06-14T07:00:02.300Z ERROR sync-error msg=""Diff found between Git and cluster state""
2026-06-14T07:00:03.400Z INFO argocd-server msg=""Manual sync required (auto-sync disabled)""","Deployed state doesn't match Git state. Manual changes in cluster not captured in Git. ArgoCD auto-sync disabled.","1. Check application status: argocd app get myapp. 2. View diff: argocd app diff myapp. 3. Commit cluster changes to Git if intentional. 4. Enable auto-sync: argocd app set myapp --sync-policy automated. 5. Manually sync: argocd app sync myapp. 6. Review recent Git commits to see what changed. 7. Check branch/tag in Application spec matches expected. 8. Monitor application_info gauge for out-of-sync apps.
37,container-registry,Image Push Failed,"2026-06-14T07:30:00.100Z ERROR ci-pipeline stage=push status=FAILED error=unauthorized
2026-06-14T07:30:01.200Z ERROR docker push registry.example.com/app:v1.0.0 received unexpected HTTP status: 401 Unauthorized
2026-06-14T07:30:02.300Z WARN registry credentials_expired=true expiration_date=2026-06-15
2026-06-14T07:30:03.400Z ERROR deployment msg=""Image not found in registry, deployment skipped""","Registry credentials expired or invalid. Network connectivity issue to registry. Insufficient permissions for service account.","1. Verify credentials: cat ~/.docker/config.json. 2. Check credential expiration. 3. Re-authenticate: docker login registry.example.com. 4. Test registry connectivity: curl https://registry.example.com. 5. Verify image name/tag format matches registry conventions. 6. Check CI/CD service account has registry pull/push permissions. 7. Rotate credentials if compromised. 8. Use credential helper/vault for credential management.
38,feature-flag,Toggle Misconfiguration,"2026-06-14T08:00:00.100Z ERROR feature-flag-service msg=""Feature flag evaluation returned nil value""
2026-06-14T08:00:01.200Z WARN application feature=new-checkout-flow flag_value=nil expected=boolean
2026-06-14T08:00:02.300Z ERROR user-experience feature_behavior=undefined causing blank page
2026-06-14T08:00:03.400Z WARN feature-flag-client cache_stale=true last_sync=2h_ago","Feature flag configuration missing or malformed. Feature flag cache stale and unable to sync with service. Default value not defined.","1. Check feature flag service health. 2. Verify feature flag exists: GET /api/flags/new-checkout-flow. 3. Check flag configuration and default value. 4. Review flag evaluation logic for null handling. 5. Ensure application code has fallback behavior. 6. Sync flag cache: POST /api/flags/sync. 7. Increase cache TTL if stale cache is issue. 8. Monitor flag_evaluation_latency metric.
39,chaos-engineering,Blast Radius Too Wide,"2026-06-14T08:30:00.100Z ERROR chaos-experiment pod=order-service-001 status=UNAVAILABLE
2026-06-14T08:30:01.200Z WARN chaos-controller experiment=cpu-stress unintended_targets=15
2026-06-14T08:30:02.300Z ERROR pod-disruption-budget violated=true min_available=1 available=0
2026-06-14T08:30:03.400Z ERROR application msg=""All order-service instances degraded""","Chaos experiment not scoped correctly. Pod disruption budget not enforced. Experiment selector too broad.","1. Check chaos experiment specification. 2. Review selector to ensure it targets correct pods. 3. Verify Pod Disruption Budget exists: kubectl get pdb. 4. Set PDB minAvailable >= 1 for critical services. 5. Stop experiment immediately. 6. Limit blast radius: label pods accordingly. 7. Use namespace isolation for experiments. 8. Gradually increase chaos (ramp up process).
40,observability,Distributed Tracing Lag,"2026-06-14T09:00:00.100Z WARN jaeger collector msg=""spans are being dropped""
2026-06-14T09:00:01.200Z ERROR jaeger trace_processor span_buffer_full=true queue_length=100000
2026-06-14T09:00:02.300Z WARN application trace_sampling_rate=1.0 all_traces_captured
2026-06-14T09:00:03.400Z ERROR trace-dashboard msg=""Latency showing historical data only, real-time data missing""","Jaeger collector bottleneck dropping spans. Excessive trace volume with 100% sampling. Trace ingestion lag.","1. Check collector status: curl http://localhost:14269/metrics. 2. Monitor span_processor_spans_dropped metric. 3. Reduce sampling rate: set sampler.type=probabilistic, sampler.param=0.1. 4. Increase collector memory and resources. 5. Review trace volume: spans_received_total metric. 6. Implement sampling policies to reduce high-cardinality traces. 7. Check storage backend (Cassandra/Elasticsearch) performance. 8. Enable tail-based sampling for error traces.
41,performance-degradation,Query Regression,"2026-06-14T09:30:00.100Z ERROR application query_name=list_orders query_time=8000ms baseline_time=500ms
2026-06-14T09:30:01.200Z WARN database slow_query_log enabled query_count=45
2026-06-14T09:30:02.300Z INFO sql explain_plan rows_examined=10000000 rows_returned=100
2026-06-14T09:30:03.400Z ERROR performance_monitoring regression_detected=true commit_hash=abc123def456","Database query performance regression after recent code changes. Missing index or inefficient query plan. Data volume increased.","1. Check slow query log and recent commits. 2. Run EXPLAIN ANALYZE on slow query. 3. Identify missing indexes on filter/join columns. 4. Add index: CREATE INDEX idx_orders_status ON orders(status). 5. Review query joins - are they optimal? 6. Check table statistics are current: ANALYZE. 7. Compare query plan before/after regression. 8. Implement query performance baseline testing in CI/CD.
42,disaster-recovery-2,Data Loss Scenario,"2026-06-14T10:00:00.100Z ERROR database backup=last_successful timestamp=2026-06-13T10:00:00Z
2026-06-14T10:00:01.200Z ERROR application msg=""Database file corrupted, recovery impossible without backup""
2026-06-14T10:00:02.300Z WARN backup_schedule last_backup_size=0 backup_failed=true
2026-06-14T10:00:03.400Z FATAL data-loss incident=true data_recovery_possible=false","Database corruption detected. Backups either missing, corrupted, or not recent enough. No recovery path available.","1. Stop all write operations to prevent further data loss. 2. Assess database corruption scope: PRAGMA integrity_check. 3. Check backup availability and validity. 4. If backup exists, recover from backup (may lose recent data). 5. Activate disaster recovery SLA notification. 6. Restore from most recent valid backup. 7. If no backup, attempt database repair tools (limited success). 8. Implement strict backup testing and validation. 9. Use database replication for HA. 10. Schedule regular backup restoration tests.
43,vendor-issue,Third-party API Outage,"2026-06-14T10:30:00.100Z ERROR payment-gateway api_error=timeout endpoint=api.stripe.com
2026-06-14T10:30:01.200Z ERROR payment-service request_id=req-9400 dependency=stripe status=503
2026-06-14T10:30:02.300Z WARN stripe_client retries_exceeded=true final_error=connection_timeout
2026-06-14T10:30:03.400Z ERROR user-facing msg=""Payment processing unavailable""","Third-party payment API (Stripe/PayPal) is down or unreachable. Network connectivity issue or vendor incident.","1. Check vendor status page: status.stripe.com. 2. Verify network connectivity to API endpoint. 3. Check DNS resolution: nslookup api.stripe.com. 4. Review API credentials and certificate validity. 5. Check application logs for specific error. 6. Implement fallback payment method if available. 7. Queue payments for retry when service recovers. 8. Notify customers of temporary service issue. 9. Implement circuit breaker for payment calls. 10. Monitor vendor_api_availability metric.
44,cost-anomaly,Unexpected Bill,,"Cloud bill jumped 300% from $5,000 to $15,000. Possible reasons: unoptimized resource usage, runaway compute, excessive data transfer, or accidental over-provisioning.","1. Review detailed cloud billing report by service. 2. Identify spike timeframe and matching resource increases. 3. Check for auto-scaled resources that didn't scale down. 4. Review snapshot/backup volumes for orphaned disks. 5. Look for unused resources: terminated instances still billed, EBS snapshots. 6. Check data transfer costs - cross-region traffic? 7. Implement cost allocation tags for accountability. 8. Set up budget alerts in cloud console. 9. Review reserved instance usage - gaps? 10. Implement FinOps practices and cost optimization review cycle.
45,dependency-chaos,Package Version Hell,"2026-06-14T11:00:00.100Z ERROR application msg=""Dependency conflict: pkg-A requires dep-B>1.0, pkg-C requires dep-B<1.0""
2026-06-14T11:00:01.200Z ERROR npm install error: peer dependency conflict
2026-06-14T11:00:02.300Z WARN build-pipeline stage=dependencies status=FAILED
2026-06-14T11:00:03.400Z ERROR deployment msg=""Application build failed, deployment blocked""","Transitive dependency version conflict. Multiple packages require incompatible versions of shared dependency. Lock file out of sync.","1. Review dependency tree: npm ls dep-B. 2. Identify conflicting packages and versions. 3. Update package to version compatible with both dependents. 4. Audit transitive dependencies: npm audit. 5. Use package pinning for critical dependencies. 6. Run npm ci instead of npm install in CI/CD (respects lock file). 7. Automate dependency updates: Dependabot/Renovate. 8. Implement semantic versioning correctly in libraries. 9. Use monorepo if managing many dependent packages.
46,os-patch,Kernel Update Failure,"2026-06-14T11:30:00.100Z ERROR linux-update apt install linux-image-generic-hwe failed
2026-06-14T11:30:01.200Z ERROR kubelet node=worker-5 msg=""Not Ready: system update pending reboot""
2026-06-14T11:30:02.300Z WARN orchestration msg=""Node worker-5 cordoned by system maintenance""
2026-06-14T11:30:03.400Z ERROR scheduler msg=""Cannot schedule pods on worker-5""","OS kernel update applied but system not rebooted. Update failed due to disk space or dependency issues.","1. SSH to worker node and check update status: apt upgrade. 2. Check kernel: uname -r. 3. If update incomplete, continue: apt install -f. 4. Verify disk space for updates: df -h. 5. Drain node: kubectl drain worker-5 --ignore-daemonsets. 6. Reboot node: sudo reboot. 7. Verify node is ready: kubectl get nodes. 8. Implement automated node updates with kured. 9. Test updates in dev cluster first. 10. Monitor node_update_failures metric.
47,concurrency-bug,Deadlock Detected,"2026-06-14T12:00:00.100Z ERROR application thread=http-worker-42 msg=""Thread blocked for 60s waiting for lock""
2026-06-14T12:00:01.200Z ERROR application deadlock_detector=true threads_involved=3
2026-06-14T12:00:02.300Z WARN request processing stalled requests=42
2026-06-14T12:00:03.400Z ERROR user-facing msg=""Application unresponsive""","Circular lock dependency causing deadlock. Thread A waits for lock held by thread B, while B waits for lock held by A.","1. Enable thread dump to see lock state. 2. Identify circular lock dependencies. 3. Review lock acquisition order - ensure consistent ordering. 4. Use lock-free data structures where possible. 5. Implement lock timeout: Lock.tryLock(1, TimeUnit.SECONDS). 6. Use ReentrantLock instead of synchronized. 7. Minimize critical section size. 8. Implement deadlock detection in monitoring. 9. Add lock contention metrics. 10. Code review for concurrent access patterns.
48,event-streaming,Partition Rebalance Storm,"2026-06-14T12:30:00.100Z ERROR kafka msg=""Consumer group rebalancing 5 times in 2 minutes""
2026-06-14T12:30:01.200Z WARN kafka rebalance_duration=45s max_latency=15s
2026-06-14T12:30:02.300Z ERROR application msg=""Messages processed multiple times during rebalance""
2026-06-14T12:30:03.400Z WARN idempotency msg=""Duplicate processing detected""","Consumer group continuously rebalancing. Likely due to consumer process taking too long (>max.poll.interval.ms) or frequent failures.","1. Check Kafka broker logs for rebalance reason. 2. Monitor consumer processing time: max.poll.interval.ms. 3. Increase max.poll.interval.ms if processing slow. 4. Reduce max.poll.records if batch too large. 5. Check for consumer crashes or OOM errors. 6. Implement heartbeat monitoring. 7. Use static membership for stable assignments: group.instance.id. 8. Add jitter to reduce thundering herd on recovery. 9. Monitor rebalance_total metric. 10. Implement idempotency for message processing.
49,documentation,API Contract Broken,"2026-06-14T13:00:00.100Z ERROR client-app response_body has unexpected field_structure
2026-06-14T13:00:01.200Z ERROR json_schema_validation msg=""Response does not match OpenAPI spec""
2026-06-14T13:00:02.300Z WARN api-gateway msg=""Response changed from {id, name} to {userId, userName}""
2026-06-14T13:00:03.400Z ERROR breaking-change client_code=fails_to_parse_response","API response field structure changed but API version not incremented. Backwards compatibility broken. OpenAPI spec not updated.","1. Check OpenAPI/Swagger spec vs actual response. 2. Document breaking change and create new API version (/v2/). 3. Keep old version for backwards compatibility period. 4. Add deprecation warning header: Deprecation: true. 5. Use Sunset header to indicate removal date. 6. Migrate clients to new version before sunset. 7. Add contract testing in CI/CD (Pact). 8. Implement versioning strategy for APIs. 9. Use semantic versioning for API versions. 10. Communicate breaking changes in advance.
50,datastore-scaling,PostgreSQL Write Bottleneck,"2026-06-14T13:30:00.100Z ERROR postgresql msg=""Write-ahead log (WAL) flush slow""
2026-06-14T13:30:01.200Z WARN postgresql synchronous_commit=on wal_sync_method=fsync
2026-06-14T13:30:02.300Z ERROR application insert_latency=5000ms threshold=100ms
2026-06-14T13:30:03.400Z ERROR performance write_throughput=100 req/s expected=1000req/s","PostgreSQL fsync-to-disk bottleneck. Synchronous commit causing every write to wait for disk. Single writer thread saturation.","1. Check PostgreSQL checkpoint frequency and performance. 2. Review synchronous_commit setting - can change to local. 3. Monitor wal_sync_method - prefer open_datasync over fsync. 4. Tune wal_buffers for better batching. 5. Use asynchronous replication if acceptable. 6. Scale writes with read replicas for SELECT. 7. Consider write-sharding across multiple databases. 8. Implement local caching to reduce DB hits. 9. Monitor write latency per transaction type. 10. Test configuration changes in staging first.
51,grafana,Dashboard Datasource Down,"2026-06-14T14:00:00.100Z ERROR grafana msg=""Datasource prometheus not responding""
2026-06-14T14:00:01.200Z ERROR dashboard-loading status=500 reason=datasource_unavailable
2026-06-14T14:00:02.300Z WARN metrics-visualization latency_p99=30000ms timeout=5000ms
2026-06-14T14:00:03.400Z ERROR monitoring msg=""Dashboards showing stale data only""","Prometheus datasource endpoint unreachable. Prometheus port changed or service not listening. Network policy blocking traffic.","1. Check Prometheus health: curl http://prometheus:9090/-/healthy. 2. Verify Prometheus is running: systemctl status prometheus. 3. Check Grafana datasource config: Settings > Data Sources. 4. Verify hostname/port in datasource URL. 5. Test connectivity from Grafana pod: kubectl exec -it grafana-pod -- curl http://prometheus:9090. 6. Check network policies: kubectl get networkpolicies. 7. Review firewall rules if cross-network. 8. Restart Prometheus if hung.
52,ci-cd-pipeline,Webhook Delivery Timeout,"2026-06-14T14:30:00.100Z ERROR webhook delivery_failure=true endpoint=jenkins.example.com timeout=30s
2026-06-14T14:30:01.200Z WARN github-webhook retries=3 backoff=exponential
2026-06-14T14:30:02.300Z ERROR jenkins-controller msg=""Build trigger webhook timeout""
2026-06-14T14:30:03.400Z WARN pipeline msg=""Push events not triggering builds""","Jenkins webhook endpoint slow or unavailable. GitHub webhook retry exhausted. Jenkins server resource constrained.","1. Check Jenkins health: curl http://jenkins:8080. 2. Monitor Jenkins resource usage: top -p <jenkins_pid>. 3. Check Jenkins queue: Jenkins > Manage Jenkins > System Information. 4. Increase Jenkins heap: -Xmx2g. 5. Check Jenkins logs for errors. 6. Review webhook retries on GitHub. 7. Implement webhook queue in between if response slow. 8. Use ngrok for local testing if needed. 9. Monitor webhook_delivery_latency metric.
53,secret-management,Vault Seal Issue,"2026-06-14T15:00:00.100Z ERROR vault msg=""vault status=sealed""
2026-06-14T15:00:01.200Z ERROR vault-client request_failed=true reason=vault_sealed
2026-06-14T15:00:02.300Z WARN application secrets_unavailable=true dependent_services=8
2026-06-14T15:00:03.400Z ERROR system-startup msg=""Cannot read database credentials from sealed vault""","HashiCorp Vault is in sealed state. Unseal keys not available or unseal process failed.","1. Check Vault status: vault status. 2. Check seal type: raft vs shamir. 3. If using unseal keys, initiate unseal: vault unseal <key1>, etc. 4. Count unsealed shares: need quorum of 3 out of 5. 5. Check unseal key storage (highly secure location). 6. For raft, ensure raft cluster is healthy: raft peers. 7. If Raft unhealthy, may need snapshot restore. 8. Implement Vault auto-unseal with AWS KMS if available. 9. Test disaster recovery regularly.
54,validation,Input Sanitization Bypass,"2026-06-14T15:30:00.100Z ERROR security msg=""SQL injection attempt detected: input='1' OR '1'='1'""
2026-06-14T15:30:01.200Z ERROR sql_query msg=""Unexpected query: SELECT * FROM users WHERE id = 1' OR '1'='1'""
2026-06-14T15:30:02.300Z WARN waf msg=""Malicious payload bypassed input validation""
2026-06-14T15:30:03.400Z CRITICAL security-incident data_breach_risk=true tables_exposed=['users', 'orders']","Input validation insufficient. Parameterized queries not used. Application vulnerable to SQL injection.","1. Review vulnerable code: find all raw SQL queries. 2. Convert to parameterized queries: SELECT * FROM users WHERE id = ?. 3. Implement input validation whitelist approach. 4. Use ORM frameworks that handle parameterization. 5. Enable SQL query audit logging. 6. Implement WAF rules for common attack patterns. 7. Use prepared statements everywhere. 8. Security code review process for data access. 9. Regular penetration testing. 10. Implement OWASP Top 10 protections.
55,memory,Memory Leak Accumulation,"2026-06-14T16:00:00.100Z ERROR memory-monitor msg=""Memory usage: 95% (7.6GB/8GB)""
2026-06-14T16:00:01.200Z WARN pod uptime=72h memory_growth_rate=50mb/hour
2026-06-14T16:00:02.300Z ERROR memory_pressure score=strong oom_kill_probability=high
2026-06-14T16:00:03.400Z INFO kubelet msg=""Evicting pod due to memory pressure""","Memory leak in application - allocated memory not being released. Long-lived cache or collection accumulating objects. Memory growth linear over time.","1. Take heap dump: jmap -dump:live,format=b,file=heap.bin <pid>. 2. Analyze with Eclipse MAT or jhat. 3. Find retained objects and circular references. 4. Check for unbounded cache: implement eviction policy. 5. Review event listeners - are they removed? 6. Check for retained request context in thread-local variables. 7. Implement memory metrics dashboard. 8. Monitor java.lang.memory used_heap_bytes. 9. Implement auto-restart for long-running processes. 10. Use profiler in staging to find leak.
56,tracing,Trace Context Loss,"2026-06-14T16:30:00.100Z WARN tracing trace_id_missing=true request_id=req-9500 span_count=0
2026-06-14T16:30:01.200Z ERROR observability msg=""Request spans lost between services""
2026-06-14T16:30:02.300Z WARN async-processing trace_context_not_propagated=true
2026-06-14T16:30:03.400Z ERROR troubleshooting msg=""Cannot correlate logs across services""","Trace context (trace-id, span-id) not propagated across service calls. Async operations not continuing trace context.","1. Verify traceable library version supports your framework. 2. Check trace context headers: traceparent, x-b3-trace-id. 3. Ensure headers passed in HTTP requests: instrumentors. 4. For async: wrap callables with trace context. 5. Use OpenTelemetry SDK auto-instrumentation if available. 6. Check outgoing request headers in service code. 7. Verify incoming headers are parsed and propagated. 8. Test end-to-end trace with curl -H headers. 9. Implement trace validation in tests. 10. Use distributed tracing dashboard to verify.
57,batch-processing,Large File OOM,"2026-06-14T17:00:00.100Z ERROR batch-job msg=""OutOfMemoryError processing file size=5GB""
2026-06-14T17:00:01.200Z WARN file-processor loaded_entire_file_into_memory=true
2026-06-14T17:00:02.300Z ERROR application allocation_failure=true requested=8GB available=2GB
2026-06-14T17:00:03.400Z ERROR processing msg=""Batch job failed, partial data processed""","Attempt to load entire 5GB file into memory. No streaming or chunking strategy. Memory limit too small for file size.","1. Review file processing code. 2. Implement streaming/chunking: read N lines at a time. 3. Use BufferedReader instead of reading entire file. 4. Implement memory-efficient parsing (SAX vs DOM for XML). 5. Increase heap size: -Xmx8g (if resources available). 6. Split large files into smaller chunks before processing. 7. Process in batch with database cursor-based fetching. 8. Use external sorting for large datasets. 9. Implement progress tracking and checkpoint recovery. 10. Monitor batch_job_memory_usage metric.
58,deployment,Canary Rollout Stall,"2026-06-14T17:30:00.100Z WARN flagger canary_weight=5 analysis_failed=true
2026-06-14T17:30:01.200Z ERROR canary metrics_threshold_failed=true error_rate=8% threshold=5%
2026-06-14T17:30:02.300Z ERROR deployment msg=""Canary promotion blocked due to error rate spike""
2026-06-14T17:30:03.400Z INFO application msg=""Previous version still serving 95% traffic""","New canary version has higher error rate than baseline. Metrics analysis detected regression. Canary rollout halted.","1. Check canary metrics: Flagger dashboard or Prometheus. 2. Compare error_rate: canary vs stable version. 3. Identify which requests are failing in canary. 4. Check canary pod logs: kubectl logs deployment/app-canary. 5. If error is a bug, fix code and rebuild image. 6. Resume rollout: flagger rollout resume <resource>. 7. Adjust thresholds if baseline too strict. 8. Review new code for performance issues. 9. Implement automated rollback on sustained error_rate > threshold. 10. Monitor canary_promotion_duration_seconds metric.
59,distributed-system,Split Brain Cluster,"2026-06-14T18:00:00.100Z ERROR cluster msg=""Split brain detected: 2 independent partitions""
2026-06-14T18:00:01.200Z ERROR node-1 msg=""Cannot reach cluster quorum, operating in partition mode""
2026-06-14T18:00:02.300Z ERROR node-2 msg=""Operating as separate cluster with 2 nodes""
2026-06-14T18:00:03.400Z CRITICAL consistency msg=""Conflicting writes in both partitions - data inconsistency""","Network partition split cluster into two independent groups. Both groups think they're primary, accepting writes. Consistency lost.","1. Identify network partition: ping between node-1 and node-2. 2. Check cluster status on each partition. 3. Merge partitions after network heals - one loses writes. 4. Review conflict resolution strategy. 5. Verify quorum-based leader election working. 6. Check firewall/network config for latency or packet loss. 7. Implement proper network monitoring. 8. Use strongly consistent database (not eventual consistency) for critical data. 9. Implement split-brain detection and automatic resolution. 10. Regular chaos testing of network partitions.
60,resource-limits,Storage Quota Exceeded,"2026-06-14T18:30:00.100Z ERROR pvc data-pvc status=CapacityExceeded 10GB/10GB used
2026-06-14T18:30:01.200Z ERROR application msg=""Cannot write logs: disk full""
2026-06-14T18:30:02.300Z WARN database backup_failed reason=insufficient_space
2026-06-14T18:30:03.400Z ERROR services msg=""Multiple services experiencing write failures""","PVC reached capacity limit (10GB). No automated cleanup of old data. Storage quota insufficient for workload.","1. Check PVC usage: kubectl describe pvc data-pvc. 2. Identify large files: du -sh * in mount point. 3. Clean up old logs: rm -f logs/*.log.2026-06-01*. 4. Expand PVC: kubectl patch pvc data-pvc -p '{...spec.resources.requests.storage: 20Gi...}'. 5. Implement log rotation with retention policy. 6. Set up automatic cleanup job (e.g., delete logs >30 days). 7. Implement storage monitoring with >80% alert. 8. Review log verbosity - too verbose? 9. Use log aggregation instead of local storage. 10. Monitor pvc_usage_bytes metric.
61,dependency,Transitive Vulnerability,"2026-06-14T19:00:00.100Z ERROR security-scan msg=""Vulnerability found in transitive dependency""
2026-06-14T19:00:01.200Z WARN vuln_cve=CVE-2024-1234 severity=HIGH affected_package=commons-net
2026-06-14T19:00:02.300Z WARN application direct_dependency log4j depends on commons-net v1.2.0
2026-06-14T19:00:03.400Z ERROR deployment msg=""Image blocked by security policy: has vulnerable dependencies""","Vulnerability in transitive dependency. Direct dependency (log4j) depends on vulnerable package (commons-net). Cannot upgrade directly.","1. Identify dependency tree: mvn dependency:tree | grep commons-net. 2. Check if direct dependency has patch: log4j > 2.17. 3. Upgrade direct dependency to patched version. 4. If not available, exclude transitive: <exclusion>. 5. Find alternative to direct dependency if unpatched. 6. Implement dependency vulnerability scanning in CI/CD. 7. Set up automated dependency updates: Dependabot. 8. Review license compliance while updating. 9. Test updates in staging before production. 10. Monitor security_vulnerabilities_total metric.
62,frontend-performance,JavaScript Bundle Too Large,"2026-06-14T19:30:00.100Z WARN bundle-analysis bundle_size=2.5MB threshold=500KB
2026-06-14T19:30:01.200Z ERROR page_load ttfb=3s fcp=4s lcp=8s budget=2s
2026-06-14T19:30:02.300Z WARN network connection=slow-3g download_time=15s
2026-06-14T19:30:03.400Z ERROR user-experience page_unusable_for=8s due_to_slow_script_execution","JavaScript bundle is 2.5MB (should be <500KB). Page takes 8s to load. Excessive third-party libraries included.","1. Analyze bundle: webpack-bundle-analyzer. 2. Identify largest modules: node_modules/lodash: 200KB. 3. Replace with smaller alternatives: lodash-es. 4. Code-split by route: dynamic imports. 5. Lazy-load third-party scripts (ads, analytics). 6. Remove unused dependencies: npm prune. 7. Enable gzip compression: Content-Encoding: gzip. 8. Implement bundle size budgeting in CI/CD. 9. Optimize images separately. 10. Monitor pagespeed_metrics: LCP, FCP.
63,runtime-error,Unhandled Exception,"2026-06-14T20:00:00.100Z ERROR application exception=NullPointerException
2026-06-14T20:00:01.200Z ERROR error-handler msg=""Uncaught exception in request handler""
2026-06-14T20:00:02.300Z ERROR sentry_integration breadcrumbs=[] stack_trace=missing_file_context
2026-06-14T20:00:03.400Z ERROR user-facing status=500 Internal Server Error""","Unhandled NullPointerException in code path. No null check before dereference. Error handling not covering edge case.","1. Check application logs and stack trace. 2. Identify which object is null. 3. Add null check: if (object != null) { ... }. 4. Use Optional in Java 8+: Optional.ofNullable(obj).ifPresent(...). 5. Implement proper error handling middleware. 6. Use static analysis: SpotBugs to detect null pointers. 7. Add unit tests for edge cases. 8. Set up error monitoring: Sentry, DataDog. 9. Implement graceful error responses. 10. Monitor error_total metric by endpoint.
64,time-sync,Clock Skew,"2026-06-14T20:30:00.100Z ERROR ntp client_stratum=16 synchronized=false
2026-06-14T20:30:01.200Z ERROR pod-time msg=""Pod time 2h ahead of NTP server""
2026-06-14T20:30:02.300Z ERROR jwt_validation token_not_yet_valid reason=system_clock_ahead
2026-06-14T20:30:03.400Z ERROR kubernetes msg=""Lease renewal failed: system time mismatch""","System clock on node/pod is out of sync with NTP. JWT validation failing due to time mismatch. Kubernetes lease renewal timing issues.","1. Check system time: date. 2. Check NTP status: timedatectl. 3. Sync with NTP: ntpdate -s time.nist.gov. 4. Enable systemd-timesyncd: timedatectl set-ntp true. 5. Check VM hypervisor clock (for VMs). 6. Adjust bios clock if hardware issue. 7. Monitor NTP offset in metrics. 8. Add time-sync validation in health checks. 9. Use monotonic clocks where available. 10. Alert if clock_skew > 1 second.
65,code-change,Regression Introduction,"2026-06-14T21:00:00.100Z ERROR performance msg=""Request latency regression: 100ms -> 2000ms""
2026-06-14T21:00:01.200Z WARN commit_hash abc123def msg=""Performance degradation introduced in commit""
2026-06-14T21:00:02.300Z ERROR metrics p99_latency=2100ms baseline=100ms
2026-06-14T21:00:03.400Z WARN deployment msg=""Regression detected, investigation needed""","Code change introduced performance regression. New database query added in critical path. Inefficient algorithm.","1. Identify commit causing regression using git bisect. 2. Review code diff for new queries or loops. 3. Check if N+1 query pattern introduced. 4. Review algorithm changes for complexity increase. 5. Profile hot path with APM tool. 6. Revert change temporarily to confirm. 7. Optimize code path: add index, batch queries, memoization. 8. Implement performance testing in CI/CD. 9. Add performance regression alerts. 10. Monitor query_duration by type metric.
66,third-party-lib,Library Deprecation,"2026-06-14T21:30:00.100Z ERROR build msg=""Library deprecated: use new-lib instead""
2026-06-14T21:30:01.200Z WARN application old-lib last_update=2020 no_longer_maintained
2026-06-14T21:30:02.300Z WARN npm msg=""npm WARN deprecated old-lib@1.0.0: This package is deprecated""
2026-06-14T21:30:03.400Z WARN security maintenance_ended reason=unmaintained_library","Library is deprecated and no longer maintained. Security updates not available. New bugs not fixed.","1. Identify deprecated library usage: npm ls old-lib. 2. Review migration guide for replacement library. 3. Update imports and API calls. 4. Verify new library has same functionality. 5. Test extensively after migration. 6. Update package.json and lock file. 7. Run test suite: npm test. 8. Check for breaking changes in changelog. 9. Gradually migrate if large codebase. 10. Use deprecation scanner in CI/CD.
67,autoscaling,HPA Scaling Lag,"2026-06-14T22:00:00.100Z WARN hpa cpu_usage=95% threshold=80% but_replicas=1
2026-06-14T22:00:01.200Z ERROR hpa scaling_decision_made metrics_lag=60s
2026-06-14T22:00:02.300Z ERROR performance request_latency_spike=5000ms due_to_saturation
2026-06-14T22:00:03.400Z WARN kubernetes msg=""HPA scaling lag: new pod up in 30s, too late for spike""","HPA metric lag (60s) + pod startup time (30s) = too slow for traffic spikes. Threshold set too high.","1. Check HPA status: kubectl describe hpa. 2. Reduce metric collection interval if possible. 3. Lower CPU threshold: 50% instead of 80%. 4. Increase target replicas count. 5. Implement predictive scaling (ML-based if available). 6. Use custom metrics more responsive than CPU. 7. Reduce pod startup time: optimize app initialization. 8. Use resource requests accurately (they influence HPA decisions). 9. Test scaling under load in staging. 10. Monitor hpa_desired_replicas vs actual_replicas.
68,log-aggregation,Log Processing Bottleneck,"2026-06-14T22:30:00.100Z ERROR logstash msg=""Logstash filter queue full, logs being dropped""
2026-06-14T22:30:01.200Z WARN elasticsearch ingest_rate=5000 msg/s but_index_rate=1000 msg/s
2026-06-14T22:30:02.300Z ERROR application logs_lost=true no_persistent_buffer
2026-06-14T22:30:03.400Z WARN observability msg=""Log ingestion 80% behind real-time""","Logstash processing slower than log ingestion. Elasticsearch indexing slower than Logstash output. No buffering between layers.","1. Monitor Logstash: jps | grep logstash, then jstat -gc <pid>. 2. Check Logstash queue depth. 3. Increase Logstash workers: -w 8. 4. Optimize Logstash filters: use grok patterns carefully. 5. Check Elasticsearch indexing performance. 6. Add persistent queue to Logstash (survives restart). 7. Increase Elasticsearch heap if bottleneck there. 8. Implement log sampling for verbose applications. 9. Separate hot and cold data indices. 10. Monitor logstash_filter_latency metric.
69,backup-restore,Restore Point Corruption,"2026-06-14T23:00:00.100Z ERROR backup msg=""Backup restore failed: corrupted snapshot""
2026-06-14T23:00:01.200Z ERROR restore-job integrity_check=failed checksum_mismatch=true
2026-06-14T23:00:02.300Z ERROR disaster-recovery recovery_path=unavailable
2026-06-14T23:00:03.400Z FATAL data-protection backup_validation_never_tested=true""","Backup snapshot corrupted. Backup integrity never tested before needing restore. No working recovery path available.","1. Check backup integrity: backup-tool verify latest-backup. 2. Review checksum validation logs. 3. Check source filesystem for disk errors: fsck. 4. Restore from older backup if available. 5. Implement regular backup testing (monthly restore drills). 6. Add checksums and integrity validation to backup process. 7. Implement backup replication across geographies. 8. Use backup versioning and retention policies. 9. Test restore in staging environment. 10. Monitor backup_validation_failures metric.
70,pod-networking,Network Policy Blocking,"2026-06-14T23:30:00.100Z ERROR pod msg=""Connection refused: 10.0.2.100:5432 (timeout)""
2026-06-14T23:30:01.200Z ERROR network-policy evaluation=blocked reason=no_matching_policy
2026-06-14T23:30:02.300Z WARN connectivity inter_pod=false source=app-pod dest=postgres-pod
2026-06-14T23:30:03.400Z ERROR database msg=""No connections from app pod, NetworkPolicy blocking""","NetworkPolicy too restrictive. Allow-all default policy removed. Pod communication blocked unintentionally.","1. List NetworkPolicies: kubectl get networkpolicies. 2. Check policy definition: kubectl describe networkpolicy. 3. Verify selector matches pods: kubectl get pods -L. 4. Test connectivity from source pod: kubectl exec app-pod -- nc -zv postgres-pod 5432. 5. Add explicit allow rule if needed. 6. Review ingress/egress rules. 7. Temporarily remove policy to confirm it's blocking. 8. Re-add policy with correct labels/ports. 9. Use Cilium policy visualization if available. 10. Monitor denied_connections metric.
71,certificate-chain,Intermediate CA Expired,"2026-06-15T00:00:00.100Z ERROR ssl msg=""Intermediate CA certificate expired: 2026-06-14T23:59:59Z""
2026-06-15T00:00:01.200Z ERROR tls_verification msg=""Certificate chain invalid: issuer cert expired""
2026-06-15T00:00:02.300Z ERROR client msg=""Server certificate untrusted""
2026-06-15T00:00:03.400Z CRITICAL availability status=unavailable reason=tls_failure""","Intermediate CA in certificate chain expired. Root CA valid but chain broken. TLS handshake fails for all clients.","1. Check cert chain: openssl s_client -connect api.example.com:443. 2. Verify all certs in chain: expiry dates, issuer. 3. If intermediate CA expired, must update with new issuer. 4. Contact CA for updated intermediate cert. 5. Install updated chain in nginx/app. 6. Test with curl: curl -I --cacert chain.pem https://api.example.com. 7. Implement chain validation in monitoring. 8. Set certificate expiry alerts for all certs in chain. 9. Use OCSP stapling for validation. 10. Regular audit of cert chain validity.
72,secrets-rotation,Key Rotation Failed,"2026-06-15T00:30:00.100Z ERROR key-rotation msg=""Database password rotation failed""
2026-06-15T00:30:01.200Z ERROR secret-manager new_secret_not_available=true rotation_stuck=true
2026-06-15T00:30:02.300Z WARN application_restart pending, cannot proceed with rollout
2026-06-15T00:30:03.400Z CRITICAL access_control msg=""Old password and new password both invalid""","Key rotation failed partway through. Old secret invalidated before new secret activated. Applications can't authenticate.","1. Check secret rotation status. 2. Verify new secret is available in vault/secret-manager. 3. Check if new password was actually set in database. 4. If only partially set, manually complete rotation or rollback. 5. Update all service credentials with new secret. 6. Restart services to pick up new credentials. 7. Verify connectivity with new credentials. 8. Implement atomic rotation (change succeeds or fails as unit). 9. Add rollback capability if rotation fails. 10. Test rotation in non-prod first.
73,multi-cloud,Region Failover,"2026-06-15T01:00:00.100Z ERROR region-primary msg=""Region us-east-1 degraded: 50% packet loss""
2026-06-15T01:00:01.200Z ERROR dns-failover automatic_failover_triggered=true
2026-06-15T01:00:02.300Z WARN traffic_shift_in_progress destination=us-west-2 percentage=70
2026-06-15T01:00:03.400Z ERROR cross-region_latency=150ms acceptable=50ms""","Primary region (us-east-1) experiencing packet loss. DNS failover triggered. Secondary region (us-west-2) handling traffic but with higher latency.","1. Check primary region status on cloud provider status page. 2. Verify DNS failover is active: dig @8.8.8.8 api.example.com. 3. Monitor failover progress: % of traffic in secondary. 4. Check secondary region database replication lag. 5. Gradually shift traffic back if primary recovers. 6. Review RTO/RPO metrics for acceptable failover. 7. Test failover in DR drills. 8. Implement health checks for automatic failover trigger. 9. Verify application compatibility across regions. 10. Monitor cross-region latency and replication lag.
74,grpc,Connection Pool Exhaustion,"2026-06-15T01:30:00.100Z ERROR grpc msg=""All gRPC connections exhausted: 100/100""
2026-06-15T01:30:01.200Z WARN service grpc_connection_queue_depth=5000 queued_requests
2026-06-15T01:30:02.300Z ERROR latency request_wait_time=60s for available connection
2026-06-15T01:30:03.400Z ERROR throughput grpc_requests_dropped=true reason=timeout""","gRPC connection pool at capacity. Clients waiting for available connection. Insufficient connection pool size.","1. Check gRPC client pool settings: maxConnections config. 2. Monitor connection pool usage: metrics. 3. Increase max connections: grpcClient.maxConnections = 200. 4. Check server concurrency limits. 5. Implement connection pooling best practices. 6. Monitor per-service connection usage. 7. Implement connection timeout and eviction. 8. Consider implementing HTTP/2 multiplexing benefits. 9. Load test with realistic connection patterns. 10. Monitor grpc_connections_open metric.
75,runtime-jvm,GC Pause Spike,"2026-06-15T02:00:00.100Z ERROR gc_monitor pause_time=850ms threshold=200ms
2026-06-15T02:00:01.200Z ERROR application request_timeout reason=gc_pause
2026-06-15T02:00:02.300Z WARN jvm gc_gen=full_gc promoted_bytes=512mb
2026-06-15T02:00:03.400Z ERROR throughput requests_dropped=42 during_gc_pause""","Full GC pause 850ms. Application unresponsive during pause. Memory pressure forcing full collections.","1. Check GC logs: -Xloggc:gc.log -XX:+PrintGCDetails. 2. Analyze GC frequency and duration. 3. Monitor young gen vs full gen collections. 4. Increase heap size if memory pressure. 5. Tune GC: -XX:+UseG1GC (default in Java 9+). 6. Set max pause time target: -XX:MaxGCPauseMillis=200. 7. Enable GC logging in production for analysis. 8. Implement circuit breaker during GC pauses. 9. Use ZGC or Shenandoah for ultra-low latency. 10. Monitor jvm_gc_pause_seconds metric.
76,workflow,Long Running Job Timeout,"2026-06-15T02:30:00.100Z ERROR workflow job_id=wf-8800 duration=14h timeout=12h
2026-06-15T02:30:01.200Z ERROR orchestration workflow_failed=true reason=timeout_exceeded
2026-06-15T02:30:02.300Z WARN processing partial_progress=87% restart_needed=true
2026-06-15T02:30:03.400Z ERROR recovery checkpoint_missing recovery_impossible=true""","Workflow job takes 14h but timeout is 12h. Job killed before completion. No checkpoint for resumption.","1. Analyze job duration: is 14h accurate or underestimated? 2. Increase timeout: timeout = 24h. 3. Optimize job steps to reduce duration. 4. Parallelize independent steps. 5. Implement checkpointing: resume from latest checkpoint. 6. Break job into smaller sub-jobs with separate timeouts. 7. Use workflow engine (Airflow, Temporal) with retry. 8. Monitor workflow_execution_duration metric. 9. Add alerting at 80% timeout threshold. 10. Test long-running workflows in staging.
77,compliance,Encryption Key Rotation,"2026-06-15T03:00:00.100Z ERROR encryption msg=""DEK rotation failed: KMS timeout""
2026-06-15T03:00:01.200Z WARN data-encryption re_encryption_in_progress=true key_version_mismatch=true
2026-06-15T03:00:02.300Z ERROR audit msg=""Encrypted data not decryptable with new key""
2026-06-15T03:00:03.400Z CRITICAL compliance msg=""Key rotation compliance deadline missed""","DEK (Data Encryption Key) rotation failed. Data encrypted with old key not decryptable with new key. KMS service timing out.","1. Check KMS service health. 2. Verify key exists and is active. 3. Test key operation: encrypt/decrypt sample. 4. Check if re-encryption job still running. 5. Monitor re-encryption progress. 6. If stuck, manually retry with exponential backoff. 7. Implement key version tagging for data. 8. Verify all data re-encrypted before disabling old key. 9. Implement automated key rotation policy (yearly). 10. Monitor encryption_key_rotation_duration metric.
78,message-queue,Dead Letter Queue Accumulation,"2026-06-15T03:30:00.100Z ERROR mq msg=""Dead letter queue growing: 45000 messages""
2026-06-15T03:30:01.200Z WARN message_processor poison_messages=true reason_unknown=true
2026-06-15T03:30:02.300Z ERROR diagnostics dlq_analysis_needed=true no_error_context
2026-06-15T03:30:03.400Z CRITICAL data_loss msg=""Messages in DLQ unprocessed for 7 days""","Dead letter queue accumulating messages. Poison message detector not logging reason. Messages discarded without investigation.","1. Check DLQ messages: get sample message. 2. Log message content and headers for analysis. 3. Identify error reason: malformed JSON, missing field, etc. 4. Fix root cause in consumer. 5. Replay DLQ messages to main queue after fix. 6. Implement DLQ monitoring with alert > 1000 msgs. 7. Add comprehensive error logging in consumer. 8. Implement DLQ handler to log failed messages with context. 9. Use observation tools to replay specific messages. 10. Set up DLQ retention with cleanup policy.
79,feature-delivery,Flag Interaction Bug,"2026-06-15T04:00:00.100Z ERROR feature-flag interaction=unintended flag_a=true flag_b=true
2026-06-15T04:00:01.200Z ERROR behavior_unexpected result=data_loss condition_a_and_b_both_true
2026-06-15T04:00:02.300Z WARN feature-gate msg=""Interaction between feature flags created bug""
2026-06-15T04:00:03.400Z CRITICAL incident flag_disabled=true customer_impact=high""","Two feature flags both enabled. Code path assumes only one. Interaction causes data loss.","1. Identify flag interaction: flag_a & flag_b both true. 2. Disable problematic flag immediately. 3. Add check in code: if (flag_a && flag_b) throw error. 4. Test flag combinations in matrix. 5. Review code paths for all flag combinations. 6. Implement flag dependency graph. 7. Update flag rollout plan to avoid problematic combo. 8. Add integration tests for flag combinations. 9. Implement feature flag testing framework. 10. Monitor flag_interaction_error metric.
80,infrastructure,VM Hypervisor Restart,"2026-06-15T04:30:00.100Z ERROR vmware event=host_maintenance_restart
2026-06-15T04:30:01.200Z ERROR kubernetes msg=""All nodes offline: hypervisor rebooting""
2026-06-15T04:30:02.300Z WARN pod-eviction_controller evicting_all_pods=true
2026-06-15T04:30:03.400Z ERROR availability cluster_offline=true recovery_time=30m""","Hypervisor scheduled maintenance restart. All VMs/containers go offline. No graceful shutdown time.","1. Check VM host notifications for scheduled maintenance. 2. Drain nodes gracefully before maintenance window. 3. Migrate pods to other nodes. 4. Verify nodes come back online after restart. 5. Monitor cluster stabilization time. 6. Implement pre-drain alerts before maintenance. 7. Coordinate maintenance window with team. 8. Verify backup systems operational before maintenance. 9. Have runbook for post-maintenance checks. 10. Monitor node_restart_time metric.
81,third-party-integration,API Endpoint Changed,"2026-06-15T05:00:00.100Z ERROR payment-api msg=""Endpoint moved: https://api.stripe.com/v1/charges -> /charges/deprecated""
2026-06-15T05:00:01.200Z ERROR http_client status=301 body=use_new_endpoint_instead
2026-06-15T05:00:02.300Z WARN redirect_loop client_not_following_redirect=true
2026-06-15T05:00:03.400Z ERROR payment_processing status=failed reason=deprecated_endpoint""","Stripe deprecated /charges endpoint. Client not following redirect to new endpoint. API integration broken.","1. Check Stripe API changelog for deprecated endpoints. 2. Update client to use new endpoint: /charges (new format). 3. Ensure HTTP client follows 301 redirects. 4. Test payment with new endpoint. 5. Update integration documentation. 6. Check for other deprecated endpoint usages. 7. Subscribe to API changelog notifications. 8. Implement API endpoint version monitoring. 9. Test against staging Stripe account. 10. Monitor api_endpoint_deprecation_warnings metric.
82,build-system,Flaky Test,"2026-06-15T05:30:00.100Z ERROR test-suite test_name=TestUserCreation status=FLAKY
2026-06-15T05:30:01.200Z WARN test pass_rate=92% race_condition_suspected=true
2026-06-15T05:30:02.300Z ERROR ci-pipeline build_status=UNSTABLE blocked_deployment=false
2026-06-15T05:30:03.400Z WARN reliability team_confidence_low=true false_positives=high""","Test passes ~92% of the time. Likely race condition or timing dependency. Test not reliable for CI.","1. Run test multiple times in loop: for i in {1..100}; do run_test; done. 2. Monitor for failure pattern - timing? 3. Review test code for sleep/timing dependencies. 4. Look for shared state between tests. 5. Check for database transaction issues. 6. Implement proper test isolation: fixtures, mocks. 7. Use deterministic test ordering. 8. Increase test timeouts if timing issue. 9. Add retry logic for flaky test. 10. Monitor test_flakiness_ratio metric.
83,observability-gap,Silent Failure,"2026-06-15T06:00:00.100Z WARN alert_not_triggered expected=true critical_error=true
2026-06-15T06:00:01.200Z ERROR application failed_silently no_error_logging=true
2026-06-15T06:00:02.300Z ERROR monitoring detection_time=2h not_detected_by_alerts
2026-06-15T06:00:03.400Z CRITICAL incident manual_discovery=true by=customer_complaint""","Application silently failing without logging/alerting. No instrumentation. Customer discovered issue, not monitoring.","1. Check application logs - any errors? 2. Review code for exception handling - is it silent? 3. Add logging: logger.error(\"Operation failed\", e). 4. Instrument error/failure counters. 5. Add alerts for error_total > threshold. 6. Implement health check for this operation. 7. Add distributed tracing to see request flow. 8. Implement request/response logging in critical paths. 9. Set up error monitoring tool (Sentry, DataDog). 10. Monitor error_detection_latency metric.
84,data-consistency,Eventual Consistency Issue,"2026-06-15T06:30:00.100Z ERROR data msg=""Primary database updated but replica not synchronized""
2026-06-15T06:30:01.200Z WARN replica replication_lag=30s
2026-06-15T06:30:02.300Z ERROR application read-after-write_failed user_sees_old_data=true
2026-06-15T06:30:03.400Z ERROR user-experience data_inconsistency_visible=true""","Write to primary succeeds, but read from replica sees old data. Replication lag visible to user.","1. Check primary-replica replication lag. 2. For read-after-write, route to primary immediately after write. 3. Implement read preference: prefer primary for critical reads. 4. Increase replica hardware if lag persistent. 5. Review replication settings: slower replica? 6. Check network bandwidth between primary/replica. 7. For critical reads, use strong consistency read. 8. Implement session consistency (read from same server). 9. Document eventual consistency behavior. 10. Monitor replication_lag_seconds metric.
85,error-propagation,Error Swallowing,"2026-06-15T07:00:00.100Z ERROR application catch_block msg=""Exception caught and ignored""
2026-06-15T07:00:01.200Z ERROR logging level=debug exception_lost=true
2026-06-15T07:00:02.300Z ERROR troubleshooting stack_trace_unavailable=true
2026-06-15T07:00:03.400Z ERROR reliability cannot_diagnose_root_cause=true""","Exception caught but not logged. Error swallowed completely. Difficult to diagnose issues.","1. Search code for catch blocks: catch (Exception e) { }. 2. Add logging to all catch blocks. 3. Log at appropriate level: warn/error based on severity. 4. Include exception in logs: logger.error(msg, e). 5. Re-throw or wrap exception if critical. 6. Implement error context logging (request ID, user ID). 7. Use static analysis to find empty catch blocks. 8. Implement linting rule: catch without log forbidden. 9. Add monitoring for logged exceptions. 10. Monitor exception_total metric by type.
86,system-design,Cascading Failure,"2026-06-15T07:30:00.100Z ERROR service-a timeout=service-b timeout=service-c
2026-06-15T07:30:01.200Z ERROR cascade service-b-down -> service-a-down -> load-balancer-down
2026-06-15T07:30:02.300Z ERROR availability cluster_degradation=complete
2026-06-15T07:30:03.400Z CRITICAL business_impact revenue=0 customer_requests=0""","Service-B fails. Service-A keeps retrying, exhausting resources. Load balancer also goes down. Entire system cascades.","1. Add timeout to service calls: timeout=5s. 2. Implement circuit breaker: fail-fast after N failures. 3. Add bulkhead pattern: limit concurrent requests. 4. Implement exponential backoff for retries. 5. Degrade gracefully: return cached/default response. 6. Implement health checks for dependencies. 7. Test failure scenarios in chaos engineering. 8. Monitor service_dependency_health metric. 9. Implement observability to catch cascades early. 10. Design for independent service operations.
87,change-management,Untested Deployment,"2026-06-15T08:00:00.100Z ERROR deployment regression=introduced scope=unknown
2026-06-15T08:00:01.200Z WARN test_coverage msg=""No tests for changed code paths""
2026-06-15T08:00:02.300Z ERROR production msg=""Bug discovered in production, not staging""
2026-06-15T08:00:03.400Z CRITICAL incident severity=high change_review_missing=true""","Code deployed without adequate testing. No integration tests for changed paths. Change review process bypassed.","1. Identify changes in deployment. 2. Determine if tests exist for changed code. 3. If not, write tests immediately. 4. Run full test suite before deployment. 5. Implement code review: require 2+ approvals. 6. Enforce test coverage minimum: >80%. 7. Require staging environment testing. 8. Use feature flags for gradual rollout. 9. Implement automated test discovery for coverage gaps. 10. Monitor test_coverage_percent metric.
88,availability,Load Shedding Misconfigured,"2026-06-15T08:30:00.100Z ERROR load-balancer shed_rate=95% legitimate_requests_dropped=true
2026-06-15T08:30:01.200Z ERROR availability requests_rejected_total=45000
2026-06-15T08:30:02.300Z WARN customer_impact successful_rate=5% during_spike
2026-06-15T08:30:03.400Z ERROR revenue spike_unhandled lost_sales=high""","Load shedding configured to drop 95% of requests. Legitimate traffic rejected during peak. Should reject 5-10%, not 95%.","1. Review load shedding configuration. 2. Check shed_rate: 95% is too aggressive. 3. Set shed_rate = 5-10% for graceful degradation. 4. Understand load shedding is last resort. 5. First: scale up, rate limit, circuit breaker. 6. Only shed after other options exhausted. 7. Implement smart rejection: reject cache misses, expensive ops. 8. Graceful degradation: serve degraded response, not error. 9. Test load shedding under controlled load. 10. Monitor rejected_requests_total metric.
89,testing,Integration Test Brittleness,"2026-06-15T09:00:00.100Z ERROR test-suite msg=""Integration test randomly fails: 15% failure rate""
2026-06-15T09:00:01.200Z WARN test_env timing_dependency external_service_latency
2026-06-15T09:00:02.300Z ERROR ci-pipeline build_flakiness high_false_negatives=true
2026-06-15T09:00:03.400Z WARN team productivity blocked_by_flaky_tests=true""","Integration tests fail 15% of the time. Depend on external services with variable latency. No mock/stub.","1. Identify external dependencies: which services? 2. Implement service mocks for integration tests. 3. Use testcontainers for local services (Postgres, Redis). 4. Add explicit waits instead of fixed sleeps: wait_until(condition). 5. Implement test data setup/teardown properly. 6. Use fixture factories for consistent test data. 7. Mock external APIs with responses. 8. Run tests locally and in CI with same environment. 9. Implement test retry logic for transient failures. 10. Monitor test_flakiness_ratio metric.
90,observability-design,Missing Business Metrics,"2026-06-15T09:30:00.100Z ERROR metrics msg=""No metric for customer acquisition cost""
2026-06-15T09:30:01.200Z WARN business-analytics guessing_conversion_rates=true
2026-06-15T09:30:02.300Z ERROR decision-making decisions_based_on=incomplete_data
2026-06-15T09:30:03.400Z CRITICAL roi_calculation unknown_true_cost_of_feature=true""","No instrumentation for business metrics. Revenue impact, conversion rates, customer metrics not tracked. Decisions made blindly.","1. Define business-critical metrics: revenue, conversion, CAC. 2. Instrument code to track these: send_event(). 3. Use event tracking system: segment, mixpanel, custom. 4. Set up business dashboard separate from technical. 5. Correlate business metrics with technical metrics. 6. Implement user journey tracking. 7. Track feature adoption for feature flags. 8. Measure A/B test impact on business metrics. 9. Alert on business metric anomalies. 10. Review business metrics weekly in team sync.
91,api-design,Pagination Missing,"2026-06-15T10:00:00.100Z ERROR api endpoint=/api/users response_size=500mb
2026-06-15T10:00:01.200Z WARN client timeout=30s due_to_large_payload
2026-06-15T10:00:02.300Z ERROR memory-exhaustion client_memory=2gb to_parse_response=true
2026-06-15T10:00:03.400Z ERROR user-experience page_load_time=60s unusable=true""","API returns all 100k users at once. No pagination. Response 500MB. Client runs out of memory.","1. Review API response structure. 2. Add pagination: limit, offset or cursor-based. 3. Set default limit=20, max_limit=100. 4. Return total_count, current_page, next_page. 5. Use cursor-based pagination for large datasets. 6. Implement filtering to reduce result set. 7. Consider implementing search for better UX. 8. Document pagination in API spec. 9. Add tests for pagination edge cases. 10. Monitor response_size_bytes metric.
92,incident-response,Runbook Missing,"2026-06-15T10:30:00.100Z CRITICAL incident severity=high on-call_team=confused
2026-06-15T10:30:01.200Z ERROR diagnostics no_runbook=true investigation_time=2h
2026-06-15T10:30:02.300Z WARN mttr mean_time_to_recovery=2h expert_knowledge_only=true
2026-06-15T10:30:03.400Z ERROR learning no_postmortem_process incidents_repeat=true""","No runbook for incident. On-call engineer spends 2 hours investigating. No documented procedures.","1. For each critical service, write runbook. 2. Include: symptoms, diagnosis steps, resolution steps. 3. Add specific commands: kubectl logs, queries. 4. Include escalation path: who to call if stuck. 5. Add links to dashboards and monitoring tools. 6. Keep runbook versioned near code (wiki, git). 7. Test runbook during on-call training. 8. Update after incidents: lessons learned. 9. Share runbooks with team monthly. 10. Monitor mttr vs documented mttr metric.
93,disaster-recovery,No DR Plan,"2026-06-15T11:00:00.100Z CRITICAL incident datacenter=us-east-1 complete_outage=true
2026-06-15T11:00:01.200Z ERROR failover dr_plan=missing manually_attempted=true
2026-06-15T11:00:02.300Z WARN recovery manual_steps=error-prone time_to_recovery=4h
2026-06-15T11:00:03.400Z CRITICAL business_impact total_outage=true revenue_loss=high""","Datacenter completely down. No documented DR plan. Recovery attempted manually. Takes 4 hours.","1. Create DR plan document: RPO, RTO, procedures. 2. Set up read replica in different region. 3. Implement automated failover: DNS, load balancer. 4. Document failover procedure step-by-step. 5. Test DR quarterly: full failover exercise. 6. Implement backup/restore procedures. 7. Document recovery from backups. 8. Coordinate with AWS, cloud provider for support. 9. Set up alerts for datacenter health. 10. Monitor failover_time_seconds metric.
94,code-quality,Technical Debt Accumulation,"2026-06-15T11:30:00.100Z WARN code-quality velocity=30% slower each_sprint
2026-06-15T11:30:01.200Z ERROR refactoring_blocked feature_work=cannot_progress_old_code=brittle
2026-06-15T11:30:02.300Z WARN team_morale declining bugs_hard_to_fix_in_legacy_code
2026-06-15T11:30:03.400Z CRITICAL time-to-market feature_delivery=2x slower=acceptable_no_longer""","Technical debt accumulated. Code quality low. Feature velocity declining. Developers frustrated.","1. Conduct code audit: identify debt areas. 2. Prioritize debt paydown: high-impact refactorings. 3. Allocate 20% sprint capacity to debt reduction. 4. Implement linting/static analysis to prevent new debt. 5. Require code review for quality. 6. Add unit tests to legacy code before modification. 7. Refactor incrementally: don't try big rewrites. 8. Use boy scout rule: leave code better than found. 9. Measure technical debt: lines of code, test coverage. 10. Monitor code_quality_score metric.
95,seo,Crawlability Issue,"2026-06-15T12:00:00.100Z ERROR seo robots_txt msg=""Disallow: /""
2026-06-15T12:00:01.200Z ERROR search_index pages_indexed=0 expected=50000
2026-06-15T12:00:02.300Z WARN organic_traffic dropped=95% after_deployment
2026-06-15T12:00:03.400Z CRITICAL revenue organic_channel_lost=true""","robots.txt accidentally blocks all pages. Search engines can't crawl. Organic traffic drops 95%.","1. Check robots.txt: grep -A 5 Disallow. 2. If blocking everything: Disallow: /, remove it. 3. Only block sensitive paths: /admin, /internal. 4. Fix robots.txt and deploy. 5. Request re-crawl from Google Search Console. 6. Monitor crawl stats: crawl budget used. 7. Check indexed pages: site:example.com. 8. Monitor organic_traffic_sessions metric. 9. Add robots.txt testing in CI/CD. 10. Educate team on SEO basics.
96,data-pipeline,Batch Job Skipped,"2026-06-15T12:30:00.100Z ERROR scheduler msg=""Batch job skipped: no trigger received""
2026-06-15T12:30:01.200Z WARN airflow dag_run_missed=true last_success=2026-06-14
2026-06-15T12:30:02.300Z ERROR data-freshness stale_data_age=36h expected=24h
2026-06-15T12:30:03.400Z ERROR business analytics data_missing=true report_unusable=true""","Daily batch job didn't run. Trigger/scheduler misconfigured. Data now stale by 36 hours.","1. Check scheduler logs for errors. 2. Verify cron job exists: crontab -l or airflow. 3. Check job schedule: is it configured? 4. Verify trigger condition is met. 5. Manually trigger if safe. 6. Review recent changes to scheduler config. 7. Check logs for permission/resource errors. 8. Implement alerting for missed jobs. 9. Add retry logic to scheduler. 10. Monitor batch_job_execution_time metric.
97,database-upgrade,Upgrade Rollback Failure,"2026-06-15T13:00:00.100Z ERROR upgrade postgres 13->14 migration_failed=true
2026-06-15T13:00:01.200Z ERROR rollback pg_dumpall failed, database corrupted=true
2026-06-15T13:00:02.300Z ERROR recovery restore_failed invalid_backup_format=true
2026-06-15T13:00:03.400Z CRITICAL incident database_offline=true data_loss_possible=true""","Database upgrade from 13 to 14 failed. Rollback attempt also failed. Can't recover.","1. Try to restore from backup if one exists and valid. 2. Check PostgreSQL binary compatibility. 3. Run pg_upgrade dry-run first time. 4. Verify backup restoration works before upgrade. 5. Keep pg_old binary around for rollback. 6. Implement proper pre-upgrade testing. 7. Upgrade replica first, test, then primary. 8. Have documented rollback procedure. 9. Allocate time for full backup/restore validation. 10. Monitor upgrade_duration_seconds metric.
98,vulnerability,Zero-Day Attack,"2026-06-15T13:30:00.100Z CRITICAL security exploit_detected=true vulnerability_unknown=true
2026-06-15T13:30:01.200Z ERROR authentication msg=""Unauthorized access detected: attacker bypassed login""
2026-06-15T13:30:02.300Z WARN incident severity=critical response_time_slow=true
2026-06-15T13:30:03.400Z ERROR forensics attack_surface unknown_exploit_vector=true""","Zero-day vulnerability exploited. Attacker gained access. No known patch available. Forensics underway.","1. Immediately isolate affected systems. 2. Enable full audit logging: enable query logging. 3. Review logs for unauthorized access: suspect logs. 4. Change all credentials: database, SSH, secrets. 5. Implement emergency firewall rules: block attacker IP. 6. Contact security vendor/community for patch. 7. Begin forensics: timeline of attack, compromised data. 8. Notify customers/users if data breached. 9. Implement WAF rules to block exploit. 10. Set up incident command structure.
99,chaos,Experiment Gone Wrong,"2026-06-15T14:00:00.100Z ERROR chaos-experiment status=killed_by_operator
2026-06-15T14:00:01.200Z ERROR blast-radius wider_than_expected affected_services=all
2026-06-15T14:00:02.300Z ERROR resilience no_recovery_mechanism triggered=true
2026-06-15T14:00:03.400Z CRITICAL incident outage=unintended_from_chaos_test=true""","Chaos experiment gets out of control. Kills services that weren't targeted. No automated recovery. Manual intervention needed.","1. Kill experiment immediately: delete chaos resource. 2. Assess blast radius: which services down? 3. Initiate incident response. 4. Manual recovery: restart services, check health. 5. Review experiment scope: was selector too broad? 6. Post-mortem: how did this happen? 7. Add guardrails: resource limits on experiments. 8. Implement experiment approval process. 9. Add abort conditions: automatically stop if impact > threshold. 10. Train team on chaos best practices.
100,production,Silent Data Corruption,"2026-06-15T14:30:00.100Z WARN data-integrity check_failed corrupted_records=4500 out_of_90000
2026-06-15T14:30:01.200Z ERROR database select_all where_corrupted=true check_sum_mismatch=true
2026-06-15T14:30:02.300Z ERROR forensics silent_corruption occurred_when=unknown no_logs=true
2026-06-15T14:30:03.400Z CRITICAL incident data_quality_unknown impact_unknown scope_unknown""","Silent data corruption detected. 4500 records out of 90000 corrupted. Cause unknown. Occurred without errors in logs.","1. Stop all writes to prevent more corruption. 2. Identify corruption scope: which tables, records? 3. Verify backup integrity and restore if available. 4. Attempt corruption repair if possible: manual fixes. 5. Forensics: review storage logs, disk health. 6. Check for cosmic rays (ECC memory). 7. Verify replication - did corruption propagate? 8. Implement checksums on critical data. 9. Enable continuous integrity checking (pg_surgery). 10. Incident review: prevent future corruption."
